{
  "niah_2048": 0.3333333333333333,
  "niah_4096": 0.3333333333333333
}