{
  "niah_2048": 0.6666666666666666,
  "niah_4096": 0.0,
  "niah_8192": 0.6666666666666666
}