{
  "samples": 4,
  "tokens": 8188,
  "ppl_base": 3122.819580078125,
  "ppl_memorize": 3233.149658203125,
  "ppl_delta": -110.330078125
}